[
    {
        "Id": 1,
        "Nombre": "Juan Pérez",
        "Asunto": "Consulta sobre entrega de proyecto",
        "Texto": "Quería saber si puedo entregar el proyecto un día después de la fecha límite."
    },
    {
        "Id": 5,
        "Nombre": "María López",
        "Asunto": "Solicitud de reunión",
        "Texto": "¿Podríamos coordinar una reunión para revisar el avance del trabajo?"
    },
    {
        "Id": 3,
        "Nombre": "Luis García",
        "Asunto": "Problema con el acceso a la plataforma",
        "Texto": "No he podido acceder a la plataforma de cursos. ¿Podrían ayudarme a resolverlo?"
    }
]
